Customer_ID,First_Name,Last_Name,Age,Gender,Location,Buyer_Habit,Buyer_Spending
0001,Flynn,King,52,Male,44057,routine,heavy
0002,Terry,Hall,61,Male,83855,routine,moderate
0003,Gene,Foster,28,Male,21703,routine,heavy
0004,Corey,Bailey,83,Male,98262,routine,moderate
0005,Murphy,Campbell,63,Male,51020,routine,heavy
0006,Aspen,Clark,26,Male,92276,impulse,moderate
0007,Flynn,Edwards,20,Female,52170,impulse,moderate
0008,Indigo,Evans,43,Female,68417,routine,heavy
0009,Ramsey,Smith,65,Male,61265,impulse,moderate
0010,Eddie,Carter,83,Non-Binary,97430,routine,heavy
0011,Finley,Young,45,Male,78672,routine,moderate
0012,Kyle,Henderson,43,Prefer Not To Say,92115,routine,heavy
0013,Jean,Simmons,42,Male,33034,routine,moderate
0014,Kit,Gonzales,29,Female,98045,routine,moderate
0015,Stevie,Martinez,22,Female,30288,routine,moderate
0016,Windsor,Ward,65,Female,18327,impulse,moderate
0017,Nico,Wood,54,Prefer Not To Say,15423,routine,moderate
0018,Tori,Jones,61,Male,26412,impulse,heavy
0019,Lennon,Smith,32,Prefer Not To Say,33442,impulse,moderate
0020,Athena,Wilson,60,Male,99167,routine,moderate
0021,Skye,Murphy,65,Male,54948,routine,heavy
0022,Royal,Ramirez,63,Male,33859,routine,heavy
0023,Brooke,Williams,60,Female,63940,impulse,heavy
0024,Carson,Cooper,38,Male,99519,routine,moderate
0025,Loren,Taylor,40,Female,18505,impulse,moderate
0026,Morgan,Adams,64,Female,22511,routine,heavy
0027,Terry,Phillips,32,Female,12580,routine,moderate
0028,Nevada,Cox,42,Female,16621,routine,moderate
0029,Marley,Russell,53,Male,63130,routine,moderate
0030,Brooks,Patterson,68,Male,88351,routine,moderate
0031,Carey,Ramirez,32,Male,43761,routine,moderate
0032,Sasha,Simmons,38,Male,89825,routine,light
0033,Jean,Cooper,30,Male,17074,routine,moderate
0034,Jordan,Howard,36,Male,08072,routine,moderate
0035,Aspen,Miller,51,Male,68873,routine,heavy
0036,Logan,Foster,69,Prefer Not To Say,43804,routine,moderate
0037,Toby,Wilson,44,Female,73063,routine,moderate
0038,Eden,Ross,46,Male,43315,routine,moderate
0039,Ari,Watson,45,Female,81024,routine,heavy
0040,Salem,Coleman,52,Male,92251,routine,moderate
0041,Tatum,Hughes,25,Male,57069,impulse,moderate
0042,Cameron,Patterson,33,Female,23083,impulse,moderate
0043,Ellison,Kelly,53,Female,72855,routine,moderate
0044,Tate,Scott,47,Male,02841,routine,moderate
0045,Billy,Gray,35,Prefer Not To Say,96137,impulse,moderate
0046,Peace,Coleman,19,Female,56310,routine,moderate
0047,Delta,Ward,66,Female,40508,impulse,heavy
0048,Brooklyn,Russell,21,Female,86431,routine,heavy
0049,Adrian,Simmons,24,Female,55434,routine,moderate
0050,Campbell,Wilson,56,Male,04064,impulse,heavy
0051,Gabriel,Cox,30,Male,31020,impulse,moderate
0052,Sunny,Martin,48,Male,85016,routine,heavy
0053,Nicky,Alexander,80,Female,22968,routine,moderate
0054,Rayne,Hughes,73,Female,53516,routine,heavy
0055,Brent,Carter,59,Male,50124,routine,moderate
0056,Lennox,Cooper,78,Prefer Not To Say,30582,routine,heavy
0057,Paris,Allen,59,Non-Binary,67051,impulse,light
0058,Teri,Campbell,73,Female,61072,routine,moderate
0059,Terry,Jenkins,53,Female,15482,impulse,heavy
0060,Ramsey,Garcia,24,Female,51544,routine,moderate
0061,Sidney,Gray,71,Male,37356,routine,moderate
0062,Nevada,Powell,18,Female,27617,routine,moderate
0063,Winter,White,61,Male,23801,impulse,moderate
0064,Quinn,Bryant,62,Female,61374,routine,moderate
0065,Peyton,Ramirez,64,Male,04649,impulse,moderate
0066,Ryan,Hernandez,30,Female,15678,impulse,moderate
0067,Cameron,Turner,39,Non-Binary,10994,routine,heavy
0068,Tristan,Miller,38,Male,12570,impulse,moderate
0069,Ray,Adams,26,Female,17054,routine,moderate
0070,Sidney,Miller,43,Prefer Not To Say,56524,impulse,moderate
0071,Morgan,Richardson,26,Female,72564,routine,heavy
0072,Bowie,Morris,32,Female,72863,routine,moderate
0073,Lane,Powell,27,Female,56146,routine,light
0074,Ariel,Edwards,59,Male,68413,routine,moderate
0075,Charley,Edwards,41,Male,70443,routine,moderate
0076,Andie,Thompson,66,Male,63962,routine,moderate
0077,JanÂ,Murphy,43,Female,35114,routine,moderate
0078,Jude,Sanders,54,Male,45720,routine,moderate
0079,Chance,Turner,67,Female,67232,routine,moderate
0080,Kaden,Johnson,41,Female,67131,routine,light
0081,Delta,Smith,36,Female,16655,routine,moderate
0082,Leslie,Young,77,Female,97135,routine,heavy
0083,Wesley,Wright,56,Prefer Not To Say,61053,routine,heavy
0084,Sutton,Collins,35,Male,84119,routine,moderate
0085,Roan,Anderson,36,Female,72857,impulse,moderate
0086,Bowie,Johnson,53,Female,40022,impulse,moderate
0087,Bailey,Coleman,72,Female,63457,routine,moderate
0088,Jordan,Patterson,64,Prefer Not To Say,55741,routine,heavy
0089,Paisley,Thomas,66,Male,51002,routine,moderate
0090,Tennessee,Collins,50,Male,67423,routine,moderate
0091,Bevan,Brown,38,Female,72926,routine,moderate
0092,Britton,Garcia,39,Male,04952,impulse,moderate
0093,Cassidy,Martinez,65,Female,64485,impulse,heavy
0094,Raphael,Gonzales,54,Female,12786,routine,moderate
0095,Wilder,Moore,32,Male,85739,routine,heavy
0096,Ezra,Griffin,52,Female,82718,routine,moderate
0097,Mackenzie,Peterson,49,Male,49870,routine,moderate
0098,Raleigh,Walker,28,Female,46077,routine,moderate
0099,Billy,Diaz,27,Female,77453,routine,moderate
0100,Riley,Long,74,Non-Binary,28652,routine,moderate
0101,Finn,Rogers,42,Male,13752,impulse,moderate
0102,Jean,Roberts,19,Female,92691,routine,moderate
0103,Sterling,Adams,81,Female,45069,routine,moderate
0104,Alex,Bailey,52,Female,18602,routine,moderate
0105,Rayne,Kelly,24,Female,40346,impulse,heavy
0106,Sloane,Patterson,35,Male,22903,routine,moderate
0107,Umber,Alexander,84,Male,95928,routine,heavy
0108,Perry,Roberts,59,Male,72835,routine,moderate
0109,Ariel,Roberts,56,Female,63934,impulse,heavy
0110,Brady,White,58,Male,64016,routine,moderate
0111,Maxwell,Moore,41,Male,51447,routine,moderate
0112,Chance,Clark,77,Prefer Not To Say,72473,routine,light
0113,Roan,Henderson,63,Male,76596,routine,moderate
0114,Sailor,Reed,36,Prefer Not To Say,14721,routine,moderate
0115,Caelan,Green,59,Female,95938,routine,heavy
0116,Emory,Sanchez,49,Female,11378,routine,moderate
0117,Regan,Jones,56,Male,95004,routine,moderate
0118,Roan,Cook,53,Male,56751,impulse,heavy
0119,Ryan,Brooks,53,Female,75942,routine,moderate
0120,Keely,Murphy,20,Female,43521,impulse,moderate
0121,Lou,Griffin,25,Female,72108,routine,light
0122,Baker,Patterson,58,Male,31781,impulse,light
0123,Blaine,Garcia,30,Female,70772,impulse,moderate
0124,Arden,Baker,66,Female,72761,routine,heavy
0125,Leighton,Lopez,77,Female,99827,routine,heavy
0126,Montana,Evans,19,Female,50158,routine,moderate
0127,Sam,Powell,77,Female,46766,impulse,moderate
0128,Dylan,Lewis,22,Female,51111,routine,moderate
0129,Val,Hayes,61,Male,48841,routine,moderate
0130,Charlie,Rodriguez,44,Female,14706,routine,moderate
0131,Loren,Martinez,49,Male,34987,routine,moderate
0132,Brett,Cox,38,Male,38112,impulse,heavy
0133,Cassidy,Parker,25,Male,55347,routine,moderate
0134,Jody,Garcia,67,Male,54136,impulse,moderate
0135,Val,Reed,84,Male,37317,routine,moderate
0136,Bailey,Gonzalez,61,Male,47525,routine,heavy
0137,Genesis,Patterson,75,Female,47849,routine,moderate
0138,Brent,Long,20,Non-Binary,68322,impulse,moderate
0139,Venice,Powell,19,Male,12852,routine,moderate
0140,Jamie,Morgan,61,Prefer Not To Say,31836,impulse,heavy
0141,Roan,Watson,19,Female,67673,routine,moderate
0142,Nevada,Rivera,52,Male,32811,routine,moderate
0143,Remy,Davis,47,Male,05653,routine,light
0144,Umber,Butler,25,Female,57039,impulse,heavy
0145,Hunter,Clark,39,Female,64870,impulse,moderate
0146,Haven,Griffin,61,Female,68164,routine,heavy
0147,Robyn,Thomas,75,Male,57022,impulse,moderate
0148,Storm,Peterson,53,Male,43543,impulse,moderate
0149,Ocean,Hill,48,Male,56723,routine,moderate
0150,Jules,Taylor,64,Male,57334,impulse,moderate
0151,Linden,Hall,72,Male,73010,impulse,heavy
0152,Remy,Parker,79,Male,24861,routine,moderate
0153,Rory,Cook,47,Female,87933,routine,moderate
0154,Mackenzie,Powell,72,Non-Binary,32009,impulse,moderate
0155,Kyle,Simmons,33,Male,77971,routine,moderate
0156,Leighton,Bennett,29,Non-Binary,17049,routine,moderate
0157,Emory,Allen,34,Male,99585,routine,moderate
0158,Robyn,Barnes,33,Female,79346,routine,heavy
0159,Mckenna,Johnson,29,Male,26055,impulse,moderate
0160,Harley,Gray,25,Female,62692,routine,moderate
0161,Caelan,Ross,20,Prefer Not To Say,29635,routine,moderate
0162,Tennessee,Ward,33,Female,61115,routine,moderate
0163,Wynn,Peterson,47,Male,59487,routine,moderate
0164,Harley,Thompson,40,Female,93701,routine,moderate
0165,Finn,Cook,22,Male,80487,routine,heavy
0166,Harley,Murphy,82,Female,43320,routine,moderate
0167,Delta,Stewart,47,Female,44606,routine,moderate
0168,Montana,Anderson,38,Male,02536,impulse,moderate
0169,Harley,Clark,39,Female,52135,impulse,moderate
0170,Adrian,Anderson,49,Female,21612,routine,moderate
0171,Jayden,Thompson,50,Male,94130,routine,light
0172,Reed,Kelly,33,Female,98354,routine,moderate
0173,Campbell,Robinson,55,Male,59525,routine,heavy
0174,Remington,Diaz,31,Female,67337,routine,moderate
0175,Remy,Gray,53,Female,33973,impulse,moderate
0176,Jaden,Griffin,40,Female,18015,routine,moderate
0177,Jayden,Ramirez,83,Female,98288,impulse,moderate
0178,Cameron,Rogers,19,Female,78118,routine,moderate
0179,Mackenzie,Sanchez,82,Male,07661,routine,light
0180,Rayne,Wright,84,Female,04940,routine,moderate
0181,Leighton,James,69,Male,17901,routine,heavy
0182,Ocean,Richardson,79,Female,43018,impulse,moderate
0183,Shae,Thompson,40,Male,44503,routine,moderate
0184,Parker,Collins,43,Male,07041,routine,moderate
0185,Milan,Phillips,72,Female,98416,routine,moderate
0186,Jack,Diaz,23,Male,06118,routine,moderate
0187,Sloane,Roberts,52,Female,60156,routine,moderate
0188,Windsor,Bennett,39,Male,64123,routine,moderate
0189,Tristan,Griffin,60,Male,53097,routine,heavy
0190,Evelyn,Green,32,Female,06380,routine,moderate
0191,Ocean,Cook,77,Male,45311,routine,moderate
0192,Sage,Henderson,29,Male,12580,routine,light
0193,Kelly,Green,66,Female,05651,routine,moderate
0194,Erin,Green,59,Male,49037,routine,moderate
0195,Paisley,Clark,55,Female,30609,routine,moderate
0196,Jackie,Parker,62,Male,68362,routine,light
0197,Montana,Smith,52,Male,87025,impulse,moderate
0198,Storm,Flores,47,Female,22724,routine,heavy
0199,Kerry,Price,47,Male,99632,impulse,moderate
0200,Sidney,Lee,23,Male,27822,impulse,moderate
0201,Kennedy,Lewis,84,Male,22572,routine,moderate
0202,Kerry,Reed,24,Male,55013,routine,moderate
0203,Owen,Robinson,69,Female,26581,impulse,moderate
0204,Jamie,Martin,31,Male,73719,impulse,light
0205,Blue,Williams,32,Female,74801,impulse,heavy
0206,JanÂ,Walker,38,Female,36547,routine,moderate
0207,Teagan,Ward,52,Male,78164,impulse,moderate
0208,Kylar,Gonzales,83,Non-Binary,60446,impulse,moderate
0209,Wren,Griffin,19,Male,43436,routine,heavy
0210,Ezra,Thomas,52,Prefer Not To Say,23840,routine,heavy
0211,Tanner,Edwards,37,Male,86409,routine,moderate
0212,Sidney,Walker,27,Female,28573,impulse,moderate
0213,Kelly,Kelly,42,Female,37160,routine,moderate
0214,Hadley,King,83,Male,57531,routine,moderate
0215,Carter,Price,42,Female,76629,routine,moderate
0216,Adrian,Parker,71,Female,84722,routine,moderate
0217,Skylar,Adams,50,Male,33610,routine,moderate
0218,Kai,Watson,53,Male,58029,impulse,moderate
0219,Blair,Ramirez,31,Female,60442,routine,moderate
0220,Leighton,Young,82,Female,35980,routine,heavy
0221,Andie,Thomas,71,Prefer Not To Say,47989,routine,heavy
0222,Robyn,Bennett,69,Female,33319,impulse,moderate
0223,Ezra,Perez,20,Prefer Not To Say,12025,impulse,moderate
0224,Kennedy,Hughes,58,Female,96929,routine,moderate
0225,Peyton,Phillips,23,Male,26164,impulse,moderate
0226,Jean,Wilson,42,Male,55713,impulse,moderate
0227,Kyle,Bryant,30,Female,77640,routine,light
0228,Campbell,Stewart,25,Female,02114,routine,moderate
0229,Hudson,Roberts,38,Male,56443,routine,moderate
0230,Lennon,Patterson,42,Male,14173,routine,light
0231,Haven,Perez,62,Prefer Not To Say,48720,routine,moderate
0232,Dallas,Lopez,77,Female,12405,impulse,light
0233,Harley,Scott,29,Male,18946,impulse,light
0234,Francis,Reed,49,Female,59743,routine,moderate
0235,Skylar,Turner,30,Male,36758,routine,moderate
0236,Riley,Flores,48,Male,27549,routine,moderate
0237,Hadley,Thomas,37,Male,75246,impulse,moderate
0238,Ezra,Harris,35,Male,98547,routine,moderate
0239,Kylin,Kelly,77,Female,36105,routine,heavy
0240,Noel,Cook,80,Male,04635,routine,moderate
0241,Leslie,Cook,23,Female,33473,routine,moderate
0242,Peyton,Young,49,Female,70358,routine,heavy
0243,Lonnie,Cooper,60,Male,74633,routine,heavy
0244,Lennon,Taylor,19,Female,18071,routine,heavy
0245,Clay,Campbell,77,Female,53572,impulse,moderate
0246,Wesley,Hill,40,Female,50616,routine,light
0247,Tori,Parker,48,Male,78416,routine,light
0248,Jordan,Morris,22,Female,33605,impulse,moderate
0249,Noelle,Cook,51,Female,99634,routine,moderate
0250,Jamie,Powell,27,Male,28684,routine,moderate
0251,Bevan,Long,19,Male,03904,routine,moderate
0252,Marlow,Miller,28,Female,81430,routine,moderate
0253,Athena,White,67,Female,92335,impulse,heavy
0254,Ryder,Mitchell,48,Male,86343,routine,light
0255,Leah,Miller,73,Female,91321,routine,moderate
0256,Blake,Moore,26,Male,42764,routine,moderate
0257,River,Hernandez,38,Female,78231,routine,moderate
0258,Brooks,Scott,45,Male,22124,routine,moderate
0259,Tate,Kelly,79,Female,49241,routine,moderate
0260,Umber,Patterson,24,Male,86507,routine,moderate
0261,Avis,Foster,33,Male,95559,routine,heavy
0262,Rene,Turner,21,Male,39097,impulse,moderate
0263,Tori,Bryant,21,Male,07002,routine,moderate
0264,Venice,Gonzales,57,Female,92555,routine,moderate
0265,Erin,Robinson,34,Male,56588,impulse,moderate
0266,Val,Diaz,69,Female,29117,routine,moderate
0267,Kennedy,Evans,69,Male,41052,impulse,moderate
0268,Ainsley,Kelly,53,Male,13732,impulse,moderate
0269,Billy,Parker,55,Male,73858,routine,moderate
0270,Nico,White,67,Male,53003,impulse,moderate
0271,Brooke,Rivera,80,Male,57321,impulse,moderate
0272,Arya,Rogers,80,Male,67110,impulse,heavy
0273,Mackenzie,Diaz,79,Female,40740,routine,moderate
0274,Reed,Sanders,24,Male,78162,impulse,light
0275,Leah,Hall,44,Female,53530,routine,moderate
0276,Briar,Griffin,31,Female,47112,impulse,heavy
0277,Alfie,Williams,22,Male,87064,routine,moderate
0278,Ezra,Garcia,72,Female,74050,routine,heavy
0279,Robyn,Lee,19,Prefer Not To Say,92064,routine,moderate
0280,Blair,Clark,79,Female,48197,routine,light
0281,Tristan,Washington,38,Female,82434,routine,moderate
0282,Mckenzie,Ramirez,38,Male,65061,routine,moderate
0283,Emery,Patterson,27,Female,30581,routine,light
0284,Ezra,Robinson,75,Female,14075,impulse,light
0285,Morgan,Harris,56,Female,79412,routine,moderate
0286,Haven,Jones,22,Prefer Not To Say,30277,routine,moderate
0287,Nicky,Foster,82,Male,40347,routine,moderate
0288,Skye,Long,30,Male,70356,routine,moderate
0289,Lennon,Reed,70,Female,71964,routine,moderate
0290,Spencer,Jackson,62,Female,01562,routine,moderate
0291,Jamie,Turner,49,Male,71972,impulse,moderate
0292,Ash,Richardson,53,Male,16335,impulse,moderate
0293,True,Campbell,77,Male,73755,impulse,moderate
0294,Remi,Lewis,28,Male,60041,routine,moderate
0295,Campbell,Henderson,80,Female,42060,routine,moderate
0296,Carroll,Ramirez,38,Female,76251,routine,moderate
0297,MadisonÂ,Diaz,69,Male,66856,routine,heavy
0298,Tristan,Lewis,72,Male,78731,routine,moderate
0299,Harlow,Cox,43,Male,67530,routine,moderate
0300,Wallace,Bailey,51,Male,73127,routine,moderate
0301,Kylar,Jackson,69,Female,31625,routine,moderate
0302,James,Jackson,69,Prefer Not To Say,29046,routine,moderate
0303,Lake,Evans,46,Female,35098,routine,moderate
0304,Tobin,Cooper,55,Male,44490,routine,heavy
0305,Francis,Alexander,59,Female,04453,routine,moderate
0306,Wyatt,Diaz,38,Female,30250,routine,moderate
0307,Sean,Robinson,59,Female,35054,routine,moderate
0308,Marlow,Allen,30,Female,38463,routine,moderate
0309,Blue,Murphy,81,Male,96774,impulse,light
0310,Loren,Bennett,34,Male,36742,routine,moderate
0311,Shae,Foster,26,Male,87068,impulse,heavy
0312,Avery,Bennett,58,Male,02025,routine,moderate
0313,Arden,Watson,18,Male,12836,routine,heavy
0314,Blaine,Campbell,19,Female,85352,routine,light
0315,Maddox,James,77,Female,77598,impulse,moderate
0316,Ashton,Taylor,65,Female,20165,routine,moderate
0317,Tate,Bailey,46,Male,62312,routine,moderate
0318,Keegan,Reed,27,Prefer Not To Say,92356,impulse,moderate
0319,Keely,Perry,75,Non-Binary,74107,routine,moderate
0320,Ellison,Brown,77,Female,70053,routine,heavy
0321,Wallace,Ross,38,Prefer Not To Say,89411,routine,moderate
0322,Ramsey,Gonzales,45,Female,44053,impulse,heavy
0323,Brooks,King,51,Prefer Not To Say,16255,routine,light
0324,Kylin,Williams,25,Male,16616,routine,light
0325,Monroe,Hall,76,Male,07420,routine,moderate
0326,Chance,White,66,Male,38255,routine,moderate
0327,Nevada,Bailey,34,Male,97367,impulse,moderate
0328,Jade,Jenkins,77,Male,33176,impulse,moderate
0329,Kit,Evans,62,Female,40387,routine,moderate
0330,Carroll,Bennett,49,Female,15559,routine,moderate
0331,Mckenna,Garcia,61,Female,59201,impulse,moderate
0332,Loren,Reed,82,Male,49302,impulse,moderate
0333,Terry,Hernandez,25,Female,12835,routine,moderate
0334,Campbell,Ross,60,Female,65650,impulse,light
0335,Finn,Peterson,18,Male,33585,impulse,light
0336,Tate,Mitchell,68,Female,94531,routine,heavy
0337,Cameron,Green,41,Male,18421,impulse,heavy
0338,Carter,Harris,41,Male,04967,routine,light
0339,Genesis,King,34,Non-Binary,78215,routine,light
0340,Alex,Hughes,22,Male,93635,routine,heavy
0341,Flynn,Jenkins,37,Female,34442,routine,moderate
0342,Nolan,Thomas,38,Female,29651,routine,moderate
0343,Sydney,Kelly,75,Female,97709,routine,moderate
0344,Brighton,Garcia,48,Male,95619,routine,moderate
0345,Kelly,Price,28,Male,25841,routine,heavy
0346,Tennyson,Lee,69,Male,14874,routine,light
0347,Jackie,Lopez,32,Female,62325,routine,moderate
0348,Gabriel,Robinson,24,Male,57381,routine,moderate
0349,Leah,James,45,Male,32825,impulse,moderate
0350,Kennedy,Wood,68,Prefer Not To Say,52001,routine,moderate
0351,Kelsey,Allen,75,Female,37932,impulse,moderate
0352,Hudson,Hughes,22,Male,96748,routine,heavy
0353,Toni,Anderson,22,Female,47342,routine,moderate
0354,Ellison,Bennett,25,Female,43207,routine,moderate
0355,Carroll,Nelson,81,Male,20646,routine,heavy
0356,Ripley,Griffin,27,Male,97756,routine,moderate
0357,Hayden,Reed,55,Female,55313,routine,moderate
0358,Trinity,Hill,25,Female,38754,impulse,moderate
0359,James,Torres,42,Female,38053,routine,moderate
0360,JanÂ,Jones,83,Male,59713,routine,moderate
0361,Carroll,Kelly,67,Male,08087,routine,heavy
0362,Indigo,Scott,84,Male,21162,routine,moderate
0363,Addison,Collins,66,Male,74866,impulse,moderate
0364,Rylan,Foster,53,Male,15944,routine,moderate
0365,West,Wood,58,Male,59054,routine,moderate
0366,Emory,Gray,79,Female,68325,routine,moderate
0367,Jaden,Adams,27,Prefer Not To Say,82513,routine,heavy
0368,Henry,Griffin,38,Female,85040,routine,moderate
0369,Britton,Watson,53,Female,17983,routine,heavy
0370,Eden,Washington,29,Male,03042,routine,heavy
0371,Ryan,Rodriguez,19,Prefer Not To Say,36867,routine,moderate
0372,Tiernan,Williams,30,Male,42351,impulse,moderate
0373,Murphy,Davis,70,Prefer Not To Say,21617,routine,moderate
0374,Nico,Brown,49,Prefer Not To Say,79733,routine,heavy
0375,Clayton,Brown,33,Female,78725,impulse,heavy
0376,Tracy,Gray,49,Prefer Not To Say,01832,impulse,heavy
0377,Shae,Young,49,Female,56334,routine,heavy
0378,Dana,Patterson,28,Male,74027,routine,moderate
0379,Kyrie,King,27,Male,67347,impulse,moderate
0380,Kelly,Moore,32,Female,94514,routine,heavy
0381,Dylan,Diaz,34,Male,28778,routine,moderate
0382,Miller,Collins,57,Female,72736,impulse,moderate
0383,Valentine,Price,35,Prefer Not To Say,48649,impulse,heavy
0384,Reed,Martin,72,Male,85132,routine,heavy
0385,Clayton,Howard,42,Female,07480,routine,moderate
0386,Brighton,Turner,76,Non-Binary,72031,routine,moderate
0387,Emerson,Bennett,39,Non-Binary,39363,impulse,moderate
0388,Ryder,Parker,47,Prefer Not To Say,39645,routine,heavy
0389,Pat,Hughes,61,Female,11375,routine,moderate
0390,Rayne,Williams,49,Prefer Not To Say,30473,routine,moderate
0391,Blue,Cooper,68,Female,32083,routine,moderate
0392,Finley,Diaz,63,Male,24082,routine,moderate
0393,Wesley,Jackson,38,Female,13693,routine,moderate
0394,Skylar,Flores,49,Female,15038,routine,moderate
0395,Regan,Green,56,Male,15733,impulse,moderate
0396,Aubrey,Jenkins,29,Female,59927,routine,moderate
0397,Shay,White,64,Female,98541,impulse,heavy
0398,Andy,Griffin,35,Male,60520,routine,moderate
0399,Sean,Anderson,38,Female,59006,routine,heavy
0400,Finley,James,30,Female,35210,routine,moderate
0401,West,Coleman,38,Female,50067,routine,light
0402,Mckenna,Simmons,25,Male,88415,routine,light
0403,Remi,Murphy,63,Male,88220,routine,moderate
0404,Shay,Moore,24,Male,68424,routine,moderate
0405,Kennedy,Coleman,40,Non-Binary,43222,routine,moderate
0406,Emory,Reed,39,Male,11722,routine,moderate
0407,Sterling,Griffin,39,Female,19040,routine,moderate
0408,Ainsley,Gonzalez,46,Male,54488,routine,heavy
0409,Armani,Lewis,30,Male,14414,routine,heavy
0410,Tristan,Moore,19,Female,33523,routine,moderate
0411,Shae,Mitchell,46,Female,91207,impulse,moderate
0412,Stevie,Clark,69,Male,19543,impulse,moderate
0413,Leighton,Reed,44,Male,85335,routine,moderate
0414,Kyle,Brown,67,Male,87941,impulse,moderate
0415,Max,Anderson,40,Female,14166,routine,moderate
0416,Leslie,Kelly,61,Female,84094,routine,heavy
0417,Bevan,Griffin,39,Male,93944,impulse,moderate
0418,Maxwell,Hughes,60,Male,64071,routine,light
0419,Finn,Mitchell,54,Male,53565,impulse,light
0420,Tennessee,Martinez,78,Non-Binary,84339,routine,moderate
0421,Charley,Scott,73,Prefer Not To Say,06059,impulse,heavy
0422,London,Brown,20,Male,60914,impulse,heavy
0423,Brennan,Hernandez,80,Female,74955,routine,moderate
0424,Brent,Washington,36,Male,32033,routine,light
0425,Valentine,Evans,40,Male,55350,routine,heavy
0426,Archer,Lopez,46,Female,58784,routine,heavy
0427,Emery,Garcia,47,Non-Binary,84716,routine,moderate
0428,Skye,Sanders,56,Prefer Not To Say,22509,routine,heavy
0429,Salem,Hernandez,42,Female,60465,routine,moderate
0430,Billy,Nelson,25,Male,17779,routine,moderate
0431,Ramsey,Bell,75,Female,29532,routine,moderate
0432,Elliott,Wright,33,Male,54520,routine,heavy
0433,Tate,Nelson,18,Female,58477,routine,moderate
0434,Ember,Roberts,22,Male,28311,routine,moderate
0435,Elliott,Clark,20,Female,40057,routine,light
0436,Harper,Hall,82,Male,02881,routine,moderate
0437,Frankie,Alexander,21,Male,60503,routine,heavy
0438,Nolan,Bennett,81,Non-Binary,21160,routine,moderate
0439,Harlow,Foster,27,Male,30643,routine,moderate
0440,Dallas,Brooks,38,Female,10020,impulse,moderate
0441,Ray,Coleman,63,Male,29589,routine,moderate
0442,Tori,James,44,Male,29146,impulse,moderate
0443,Shawn,Clark,83,Male,81423,routine,moderate
0444,Lincoln,Griffin,58,Male,40445,impulse,heavy
0445,Nico,Clark,30,Female,02359,impulse,moderate
0446,Riley,Butler,26,Male,24149,routine,moderate
0447,Mason,Nelson,53,Prefer Not To Say,64163,routine,moderate
0448,Ezra,Richardson,75,Female,69212,impulse,moderate
0449,Blaine,Davis,71,Male,51012,routine,light
0450,Emory,Hughes,29,Female,36330,routine,heavy
0451,Kyle,Edwards,31,Female,15431,impulse,heavy
0452,Kylar,Perez,51,Female,10605,impulse,heavy
0453,Nevada,Clark,70,Male,88001,routine,heavy
0454,Remington,Simmons,37,Male,84701,routine,moderate
0455,Blair,Russell,33,Female,64667,impulse,moderate
0456,Tennessee,Kelly,73,Non-Binary,29918,routine,moderate
0457,Michael,Kelly,75,Female,17506,routine,moderate
0458,Arden,Hernandez,21,Male,15672,routine,moderate
0459,Trinity,Rodriguez,21,Female,45103,routine,moderate
0460,Ray,Jackson,37,Female,84037,routine,heavy
0461,Venice,Hall,27,Female,24574,routine,moderate
0462,Tobin,Flores,41,Male,37762,routine,light
0463,Cassidy,Peterson,43,Female,68508,routine,moderate
0464,Dorian,Lewis,54,Male,45867,routine,moderate
0465,Ray,Hayes,71,Male,51034,routine,moderate
0466,Montana,Wood,38,Female,77002,impulse,heavy
0467,Ashley,Morgan,55,Male,68124,routine,moderate
0468,Mason,Martinez,63,Male,75669,routine,moderate
0469,Finley,Sanders,21,Male,54304,routine,heavy
0470,Robyn,Miller,77,Non-Binary,53205,routine,moderate
0471,Dana,Brown,74,Female,30517,routine,moderate
0472,Tatum,Hall,62,Male,31763,impulse,moderate
0473,Val,Brooks,37,Female,54159,routine,moderate
0474,Peace,Rivera,34,Female,65443,routine,moderate
0475,Remi,Morris,21,Male,29373,impulse,moderate
0476,Caelan,Lewis,31,Female,32696,impulse,moderate
0477,Kelly,Taylor,20,Female,83720,routine,moderate
0478,Clayton,Cooper,75,Female,14054,impulse,light
0479,Ezra,Peterson,72,Male,99741,routine,heavy
0480,August,Bailey,21,Female,16117,routine,moderate
0481,Cameron,Robinson,41,Female,90715,routine,heavy
0482,Kylar,Rivera,51,Male,42103,routine,moderate
0483,Kelly,Turner,47,Male,74001,routine,moderate
0484,Carmen,Hayes,36,Male,17306,impulse,moderate
0485,Blue,Johnson,48,Male,41740,routine,moderate
0486,George,Carter,77,Female,82431,routine,heavy
0487,Mckenzie,Nelson,77,Male,16249,routine,moderate
0488,Brady,Foster,36,Male,13842,routine,moderate
0489,Monroe,Thomas,66,Female,44606,routine,light
0490,Remi,Robinson,80,Male,13153,routine,heavy
0491,Indigo,Henderson,39,Prefer Not To Say,30259,routine,moderate
0492,Jessie,Alexander,41,Male,56229,routine,moderate
0493,Leslie,Jackson,47,Male,30080,routine,moderate
0494,Ramsey,Allen,75,Male,78957,routine,heavy
0495,Reese,Morgan,48,Male,94709,routine,moderate
0496,Rowan,Parker,81,Male,48626,routine,light
0497,Kendall,Bryant,36,Female,77703,routine,moderate
0498,Rylan,Griffin,65,Prefer Not To Say,49802,routine,moderate
0499,Dana,Sanders,62,Male,65788,routine,moderate
0500,Andie,Barnes,72,Female,56032,routine,heavy
0501,Dale,Hughes,72,Female,32570,routine,moderate
0502,Skye,Martin,35,Female,06266,routine,moderate
0503,River,Lopez,80,Male,97857,routine,heavy
0504,Ali,Phillips,64,Male,12446,routine,moderate
0505,MadisonÂ,Bailey,74,Male,78214,routine,moderate
0506,Kameron,Hill,62,Female,54556,routine,light
0507,London,Adams,50,Female,57059,routine,moderate
0508,Loren,Alexander,34,Male,80645,routine,heavy
0509,Umber,Griffin,21,Male,19367,impulse,moderate
0510,Indigo,Wood,37,Non-Binary,15539,routine,moderate
0511,Noel,Bell,64,Female,29518,routine,heavy
0512,Alex,Sanders,32,Prefer Not To Say,10969,routine,moderate
0513,Baker,Mitchell,64,Female,21208,routine,moderate
0514,Linden,Gonzales,26,Male,38773,routine,moderate
0515,Jude,Garcia,33,Female,13620,routine,heavy
0516,Kelsey,Foster,78,Female,16321,routine,moderate
0517,Ray,Sanchez,27,Male,87718,routine,heavy
0518,Jesse,Jenkins,67,Female,42103,routine,moderate
0519,Whitney,Collins,20,Female,61764,impulse,heavy
0520,Cody,Alexander,68,Male,99742,routine,light
0521,Sidney,Hayes,36,Female,96129,routine,moderate
0522,Toni,Jenkins,59,Female,79081,routine,moderate
0523,Micah,Butler,52,Prefer Not To Say,52065,routine,moderate
0524,Logan,Barnes,63,Male,59315,routine,heavy
0525,Ellis,Parker,43,Male,54846,impulse,moderate
0526,Paris,Thomas,81,Female,43731,routine,moderate
0527,Ashley,Sanchez,54,Male,56166,impulse,light
0528,Blue,Parker,66,Female,77866,routine,heavy
0529,Jaden,Taylor,38,Female,95211,routine,moderate
0530,Maddox,Ross,81,Male,42124,routine,moderate
0531,Kameron,Sanchez,22,Female,07881,routine,moderate
0532,Salem,Washington,21,Female,72126,impulse,heavy
0533,Reed,Turner,56,Male,44670,impulse,moderate
0534,Jaden,Howard,52,Non-Binary,95642,routine,moderate
0535,Carroll,White,18,Female,72638,impulse,moderate
0536,Kerry,Barnes,41,Female,06796,routine,moderate
0537,Addison,Young,74,Female,39556,impulse,moderate
0538,Nevada,Murphy,58,Female,49201,routine,light
0539,Nicky,Gonzalez,71,Non-Binary,57213,routine,moderate
0540,Hayden,Thompson,63,Female,41003,impulse,moderate
0541,Jody,Diaz,77,Female,37779,routine,moderate
0542,Carroll,Torres,77,Female,95650,routine,heavy
0543,Brent,Gonzalez,74,Male,67865,impulse,light
0544,Maddox,Miller,48,Female,83841,routine,moderate
0545,Leighton,Murphy,41,Male,56650,routine,heavy
0546,Maddox,Anderson,53,Male,06085,routine,moderate
0547,Kim,Richardson,47,Male,03291,impulse,heavy
0548,Dawson,Davis,41,Prefer Not To Say,58032,routine,moderate
0549,Quinn,Mitchell,47,Female,73040,routine,moderate
0550,Parker,Cooper,24,Female,79754,impulse,light
0551,Sidney,Ward,52,Female,87357,routine,light
0552,Ripley,Baker,72,Female,22191,routine,heavy
0553,Lincoln,Brooks,31,Non-Binary,75707,routine,moderate
0554,Riley,Patterson,27,Female,74066,routine,heavy
0555,Kennedy,Cook,33,Male,35765,impulse,moderate
0556,Ashton,Griffin,71,Male,26719,routine,moderate
0557,Brighton,Allen,61,Female,76044,impulse,moderate
0558,Robyn,Griffin,62,Female,31904,impulse,moderate
0559,Ari,Murphy,73,Male,21240,routine,moderate
0560,Keely,Jones,74,Male,61234,routine,moderate
0561,Addison,Roberts,38,Female,78161,routine,light
0562,Campbell,Diaz,67,Male,93280,impulse,light
0563,Storm,Jackson,50,Female,58541,routine,moderate
0564,Kelly,Robinson,24,Prefer Not To Say,11944,routine,moderate
0565,Archer,Harris,32,Male,18417,impulse,light
0566,Remington,Murphy,49,Male,72955,routine,heavy
0567,Tiernan,Murphy,37,Female,72531,impulse,moderate
0568,Landon,Baker,32,Female,71250,routine,heavy
0569,Amory,Cooper,65,Female,27054,routine,moderate
0570,Indigo,Johnson,38,Prefer Not To Say,07041,routine,heavy
0571,Lincoln,Young,59,Male,42050,routine,moderate
0572,Elliott,Carter,43,Female,15623,routine,moderate
0573,Jude,Perry,31,Female,71801,impulse,moderate
0574,Monroe,Sanchez,74,Female,65232,routine,light
0575,Max,Baker,54,Male,49067,routine,moderate
0576,Bailey,Morgan,75,Female,97111,routine,moderate
0577,Reed,Coleman,38,Female,90640,routine,moderate
0578,Bowie,Roberts,20,Male,19013,routine,heavy
0579,Rio,James,54,Male,16344,routine,moderate
0580,Nico,Simmons,66,Female,15757,routine,light
0581,Kelsey,Foster,36,Male,97862,routine,moderate
0582,Paisley,Stewart,29,Male,44149,routine,heavy
0583,Quincy,Young,78,Male,95679,routine,moderate
0584,Reed,Perez,58,Female,93960,routine,moderate
0585,Sage,Kelly,50,Female,37374,routine,moderate
0586,Briar,Perry,67,Female,60941,routine,light
0587,Billy,Davis,50,Male,67150,impulse,moderate
0588,Skye,Edwards,41,Female,54562,routine,moderate
0589,Denver,Watson,78,Female,49238,routine,light
0590,Spencer,Wright,78,Female,79925,impulse,moderate
0591,Nova,Williams,45,Non-Binary,01029,impulse,moderate
0592,Andy,Smith,75,Male,49870,routine,heavy
0593,Venice,Brooks,60,Female,60435,routine,heavy
0594,Salem,Martinez,58,Male,53964,routine,moderate
0595,Shiloh,Harris,56,Female,72021,routine,moderate
0596,Alex,Cox,66,Male,11598,routine,moderate
0597,Honour,Price,34,Male,84121,routine,heavy
0598,Wesley,Martin,82,Male,75497,impulse,heavy
0599,Charley,Barnes,22,Female,95553,impulse,moderate
0600,Kendall,Reed,19,Male,82055,routine,heavy
0601,Remington,Rogers,39,Female,48073,routine,moderate
0602,Rylan,Thomas,74,Male,80249,impulse,heavy
0603,Mason,Evans,83,Male,65484,routine,heavy
0604,Teagan,Harris,33,Female,04551,impulse,moderate
0605,Tyler,Perez,68,Male,66725,routine,moderate
0606,Chance,Morgan,56,Male,59930,routine,moderate
0607,Ray,Scott,57,Female,14214,routine,moderate
0608,Umber,Sanders,55,Male,47638,routine,moderate
0609,Mason,Allen,77,Male,37374,routine,moderate
0610,Evelyn,Flores,76,Male,69143,routine,moderate
0611,Frankie,Parker,27,Non-Binary,38834,routine,light
0612,Ezra,Foster,81,Female,61024,routine,heavy
0613,Alfie,Peterson,80,Female,12183,routine,light
0614,Nova,Wilson,66,Female,64724,routine,heavy
0615,Jessie,Mitchell,81,Male,68064,routine,moderate
0616,Storm,Morgan,49,Male,71342,routine,moderate
0617,Aubrey,Allen,24,Female,43140,impulse,light
0618,Cameron,Howard,38,Male,44714,impulse,moderate
0619,Linden,Hill,37,Male,16362,routine,moderate
0620,Paris,Williams,43,Male,16350,routine,light
0621,Devin,Foster,32,Male,73571,routine,moderate
0622,Kelsey,Barnes,31,Prefer Not To Say,14174,impulse,moderate
0623,Drew,Walker,44,Male,15064,routine,moderate
0624,Darby,Peterson,57,Female,59014,routine,moderate
0625,Addison,Rogers,75,Male,49028,routine,heavy
0626,Brooks,Sanders,45,Prefer Not To Say,60555,routine,heavy
0627,Maddox,Williams,43,Male,54201,routine,moderate
0628,Payton,Collins,80,Male,20754,routine,moderate
0629,Sunny,Allen,83,Female,03254,routine,light
0630,Wallace,Harris,42,Female,87547,routine,light
0631,Billie,Reed,20,Male,04087,routine,moderate
0632,Emery,Gonzales,61,Male,95225,routine,moderate
0633,Corey,Carter,59,Male,43786,routine,moderate
0634,Blue,Hill,23,Male,42728,impulse,heavy
0635,Kyrie,Parker,56,Male,93541,impulse,moderate
0636,Shay,Perry,69,Female,64873,routine,moderate
0637,Lennox,Hayes,40,Male,52305,routine,moderate
0638,Henry,Moore,67,Male,12304,routine,moderate
0639,Storm,Martinez,60,Female,54126,impulse,moderate
0640,Tennessee,Hernandez,36,Prefer Not To Say,79789,routine,moderate
0641,Campbell,Sanders,68,Female,72824,routine,moderate
0642,Royal,Wood,28,Male,66076,impulse,moderate
0643,Regan,Long,29,Male,13650,routine,heavy
0644,Shiloh,Johnson,25,Prefer Not To Say,98439,impulse,moderate
0645,Hadley,Hughes,41,Male,75765,routine,moderate
0646,Sloane,Scott,58,Male,90037,routine,moderate
0647,Perry,Anderson,53,Female,93551,routine,moderate
0648,Ripley,Barnes,72,Female,32080,routine,heavy
0649,Charlie,Nelson,26,Female,15742,routine,heavy
0650,Dallas,Roberts,64,Male,04693,routine,moderate
0651,Flynn,Scott,32,Male,38108,impulse,light
0652,Nico,Stewart,65,Prefer Not To Say,32792,impulse,moderate
0653,Sidney,Evans,59,Male,31022,routine,moderate
0654,Rene,Gonzales,77,Female,74947,routine,moderate
0655,Windsor,Barnes,29,Female,01937,routine,moderate
0656,Evelyn,Turner,19,Female,63735,routine,moderate
0657,Venice,Bryant,24,Male,59920,routine,moderate
0658,Shawn,Martinez,20,Male,04677,routine,moderate
0659,Lindsay,Cooper,20,Female,70460,routine,moderate
0660,Bay,Anderson,44,Female,97335,routine,heavy
0661,Shae,Hall,57,Non-Binary,49242,routine,light
0662,Gabriel,Flores,50,Male,68050,routine,light
0663,Brooks,Richardson,18,Male,45168,impulse,moderate
0664,Delta,Rodriguez,25,Non-Binary,01821,impulse,heavy
0665,Jessie,Wilson,49,Female,12461,routine,moderate
0666,Valentine,Anderson,65,Female,95412,routine,heavy
0667,Julian,Long,21,Male,08027,impulse,heavy
0668,Milan,Ward,36,Female,75961,routine,moderate
0669,Tobin,Hughes,49,Female,71375,routine,light
0670,Clayton,Rodriguez,26,Female,36861,routine,light
0671,Billie,Parker,29,Male,67836,impulse,moderate
0672,Sydney,Gonzalez,28,Male,52533,impulse,heavy
0673,Cameron,Allen,63,Female,23398,routine,moderate
0674,Payton,Cooper,33,Male,02054,routine,moderate
0675,Jaden,Mitchell,18,Female,81228,routine,moderate
0676,Rowan,Perez,80,Prefer Not To Say,62297,routine,moderate
0677,Brennan,Gray,38,Male,66425,impulse,moderate
0678,Sage,Long,47,Female,62672,impulse,moderate
0679,Grey,Simmons,30,Male,89044,routine,heavy
0680,Shawn,Collins,51,Female,97345,impulse,moderate
0681,Kylar,Richardson,21,Prefer Not To Say,33028,routine,moderate
0682,Michael,Adams,45,Male,59273,routine,heavy
0683,Emery,Clark,76,Male,24437,impulse,moderate
0684,Amory,Cooper,44,Male,48891,impulse,moderate
0685,Milan,Russell,42,Male,10461,routine,moderate
0686,True,Johnson,20,Female,56226,routine,heavy
0687,Noelle,Russell,42,Non-Binary,46176,impulse,heavy
0688,Noelle,Richardson,37,Male,54901,routine,moderate
0689,Lake,Nelson,51,Male,12059,routine,moderate
0690,Ember,Bailey,43,Male,69216,routine,moderate
0691,Leighton,Richardson,22,Female,84320,routine,moderate
0692,Casey,Nelson,78,Male,43759,routine,moderate
0693,Indigo,Cook,26,Female,45782,routine,moderate
0694,Brooks,Sanchez,67,Female,07758,routine,moderate
0695,Tori,Henderson,23,Female,43027,routine,moderate
0696,Alex,Martinez,77,Male,16229,routine,moderate
0697,Ellison,Washington,61,Female,27869,impulse,heavy
0698,Loren,Allen,28,Male,98524,impulse,moderate
0699,Athena,Harris,83,Male,83631,routine,moderate
0700,Addison,Griffin,64,Female,52209,routine,light
0701,Jessie,Walker,20,Female,97134,routine,moderate
0702,Robyn,King,47,Male,60552,routine,light
0703,Archer,Baker,38,Male,87112,routine,light
0704,Briar,Price,45,Male,62969,routine,moderate
0705,Billie,Coleman,79,Male,83404,routine,moderate
0706,Darby,Davis,50,Male,17970,routine,moderate
0707,Rayne,Moore,52,Male,60957,impulse,light
0708,Dakota,Davis,69,Female,72023,impulse,moderate
0709,Tyler,Green,51,Female,13756,routine,heavy
0710,Shawn,Bryant,58,Female,63343,impulse,moderate
0711,Brighton,Cooper,68,Female,61410,routine,heavy
0712,Hunter,Rodriguez,64,Male,23663,routine,moderate
0713,Raleigh,Gonzalez,75,Prefer Not To Say,60946,routine,moderate
0714,Rylan,Wilson,74,Female,83340,impulse,moderate
0715,Carmel,Scott,40,Female,48104,routine,moderate
0716,Gene,Howard,65,Female,40242,routine,moderate
0717,Britton,Simmons,39,Non-Binary,52584,routine,heavy
0718,Casey,Bennett,34,Female,75076,routine,moderate
0719,Avery,Perry,28,Male,17038,routine,moderate
0720,Whitney,Bennett,32,Female,24318,routine,moderate
0721,Sterling,Miller,52,Female,45352,routine,moderate
0722,Amory,Baker,50,Female,77459,impulse,heavy
0723,Harley,Perry,33,Female,95525,routine,moderate
0724,Skye,Perez,51,Male,95915,routine,moderate
0725,Mckenna,Jones,83,Male,08021,routine,moderate
0726,Perry,Davis,57,Non-Binary,49508,routine,heavy
0727,James,Brooks,45,Female,78212,routine,moderate
0728,Carmel,Sanchez,64,Female,55969,routine,moderate
0729,Raleigh,Cook,56,Male,33850,routine,moderate
0730,Ari,Williams,37,Male,90292,routine,moderate
0731,Bailey,Rodriguez,18,Female,68849,routine,moderate
0732,Darby,Sanders,80,Female,14213,routine,light
0733,Raphael,White,84,Female,61108,routine,light
0734,Kyrie,Baker,21,Female,17097,routine,moderate
0735,Ari,Turner,75,Female,32465,routine,moderate
0736,Montana,Thomas,42,Male,60188,impulse,moderate
0737,Ali,Patterson,64,Female,86305,routine,moderate
0738,Aiden,Thomas,55,Male,19930,routine,heavy
0739,Grey,Jackson,32,Male,18045,routine,moderate
0740,Ryder,Reed,80,Female,42211,routine,moderate
0741,Rylan,Hall,38,Non-Binary,23511,routine,heavy
0742,Toby,Edwards,74,Male,44611,routine,moderate
0743,Windsor,Ramirez,70,Female,33852,routine,moderate
0744,Riley,Hayes,63,Male,11379,routine,moderate
0745,Ariel,Hall,31,Male,78236,impulse,moderate
0746,Nico,Wilson,34,Male,82638,routine,heavy
0747,Honour,Foster,56,Male,24946,routine,heavy
0748,Bailey,Peterson,26,Female,44815,routine,moderate
0749,Paris,Ramirez,23,Male,27109,routine,moderate
0750,Blue,Cooper,40,Female,50173,routine,moderate
0751,Tobin,Ward,76,Non-Binary,25932,routine,heavy
0752,Roan,Walker,63,Male,29935,routine,heavy
0753,Dylan,Turner,55,Female,16727,routine,light
0754,Jaden,Lopez,31,Male,33409,routine,moderate
0755,Zephyr,Evans,79,Female,18056,routine,moderate
0756,August,Phillips,52,Male,58535,impulse,heavy
0757,Kelsey,Sanchez,36,Male,39532,routine,moderate
0758,Arden,Garcia,47,Male,23420,impulse,moderate
0759,Quincy,Alexander,42,Male,55111,impulse,moderate
0760,August,James,57,Male,43302,routine,heavy
0761,Clay,Kelly,31,Female,58237,impulse,moderate
0762,Chris,Williams,43,Female,47948,impulse,moderate
0763,Robyn,Bell,39,Female,72358,routine,moderate
0764,George,Adams,65,Female,87326,impulse,moderate
0765,Kendall,Martin,68,Male,21676,impulse,moderate
0766,Grey,Price,20,Male,99333,routine,heavy
0767,Rio,Foster,59,Male,49724,impulse,moderate
0768,Grey,Gray,36,Male,66854,routine,moderate
0769,Billie,Wood,45,Female,63851,impulse,moderate
0770,Grey,Mitchell,62,Female,08203,routine,moderate
0771,Tate,Russell,80,Male,03890,routine,heavy
0772,Royal,Miller,36,Male,42038,routine,moderate
0773,Devin,Gonzalez,64,Female,60560,routine,moderate
0774,Brady,King,31,Female,48754,routine,moderate
0775,Finn,Gonzales,55,Male,14510,routine,moderate
0776,Alfie,Powell,70,Non-Binary,04092,impulse,heavy
0777,Mckenna,Rivera,78,Prefer Not To Say,65024,routine,moderate
0778,Tyler,Brooks,53,Male,49650,routine,moderate
0779,Rene,Price,57,Male,30170,routine,moderate
0780,Ripley,Rogers,47,Female,58718,impulse,light
0781,Wesley,Collins,26,Non-Binary,43906,routine,moderate
0782,Kit,Garcia,81,Female,61468,routine,heavy
0783,Tori,Jones,50,Male,56134,impulse,moderate
0784,Ocean,Simmons,69,Male,48059,routine,heavy
0785,Cody,Collins,31,Female,91948,impulse,heavy
0786,Hadley,Sanders,70,Female,72205,routine,moderate
0787,Ainsley,Rogers,76,Male,97138,routine,light
0788,Emery,Howard,58,Female,25071,routine,heavy
0789,Kyle,King,25,Female,14543,routine,moderate
0790,Jules,Ward,19,Female,39108,routine,heavy
0791,Shae,Alexander,58,Female,14480,routine,moderate
0792,Sam,Thompson,72,Female,44130,routine,moderate
0793,Bellamy,Griffin,33,Male,89450,routine,moderate
0794,Bobby,Hayes,79,Female,10530,routine,moderate
0795,Ripley,Henderson,65,Male,79848,impulse,moderate
0796,Blaine,Mitchell,47,Female,54926,routine,light
0797,Remi,Cox,29,Male,59047,impulse,moderate
0798,Alfie,Thompson,52,Female,76059,routine,moderate
0799,Reed,Davis,28,Male,68410,routine,light
0800,Dallas,Robinson,81,Male,46933,routine,heavy
0801,Ainsley,Lewis,67,Male,70805,routine,moderate
0802,Jody,Brooks,38,Male,84539,routine,moderate
0803,Henry,Thomas,65,Female,81054,routine,heavy
0804,Emerson,Williams,37,Female,24430,routine,moderate
0805,Cassidy,Evans,84,Female,14591,impulse,moderate
0806,Noel,Clark,61,Male,12037,routine,moderate
0807,Parker,Stewart,50,Male,13646,routine,moderate
0808,Avery,Harris,78,Male,77622,routine,moderate
0809,Maddox,Russell,26,Male,18073,routine,moderate
0810,Zephyr,Diaz,52,Female,24129,routine,moderate
0811,Jessie,Cook,82,Male,53214,routine,moderate
0812,Henry,Wilson,25,Male,43162,impulse,heavy
0813,Toni,Hayes,62,Male,49424,routine,moderate
0814,Quincy,Gonzales,64,Male,59418,routine,heavy
0815,Remy,Patterson,57,Female,23357,impulse,moderate
0816,Ashton,Lewis,71,Female,22473,routine,moderate
0817,Harley,Walker,63,Male,52804,routine,moderate
0818,Kai,White,64,Male,54763,routine,moderate
0819,Brighton,Carter,32,Male,32222,routine,moderate
0820,Addison,Johnson,36,Male,59262,impulse,moderate
0821,Elliott,Garcia,43,Male,07666,routine,heavy
0822,Keegan,Wright,69,Prefer Not To Say,50578,impulse,moderate
0823,Blake,Martinez,39,Female,66060,routine,moderate
0824,Wilder,Rodriguez,38,Female,73075,routine,heavy
0825,Kaden,Bennett,68,Male,98526,routine,moderate
0826,Storm,Sanders,55,Male,40840,impulse,heavy
0827,Lennon,White,37,Female,60014,routine,moderate
0828,Max,Flores,46,Female,56158,routine,heavy
0829,Andy,Perry,68,Female,16232,impulse,heavy
0830,Sutton,Johnson,21,Male,37659,routine,heavy
0831,Julian,Lopez,72,Female,81154,routine,light
0832,Mackenzie,Parker,45,Male,33414,routine,heavy
0833,Arden,Flores,21,Female,47942,impulse,moderate
0834,London,Bell,39,Female,55955,impulse,heavy
0835,Jayden,Henderson,62,Female,83638,routine,light
0836,Dorian,Martin,84,Male,16133,routine,heavy
0837,Finn,Brown,83,Female,70363,impulse,light
0838,Tobin,Ross,51,Male,52154,impulse,moderate
0839,Tatum,Clark,72,Male,18419,routine,heavy
0840,Blake,Gonzalez,18,Male,41563,routine,moderate
0841,Emerson,James,55,Female,38553,impulse,moderate
0842,Emery,Thompson,23,Male,05678,routine,moderate
0843,Clayton,Hall,42,Male,91801,routine,moderate
0844,Royal,Morris,34,Female,54428,impulse,light
0845,Jules,Young,78,Male,02176,routine,moderate
0846,Dana,Rivera,29,Female,98403,routine,moderate
0847,Billy,Anderson,23,Male,60099,routine,moderate
0848,Addison,Taylor,44,Male,65336,routine,moderate
0849,Winter,Coleman,25,Female,97498,routine,moderate
0850,Carter,White,82,Male,25243,routine,moderate
0851,Teagan,Perez,74,Female,07058,routine,moderate
0852,Ripley,Adams,57,Female,90403,routine,light
0853,Teri,Foster,31,Female,93665,routine,heavy
0854,Venice,Taylor,52,Female,36446,impulse,moderate
0855,Weston,Gonzalez,65,Male,62815,impulse,moderate
0856,Quinn,Gonzales,73,Male,99301,routine,moderate
0857,Linden,Smith,66,Female,61282,routine,heavy
0858,Alex,Brown,30,Female,73931,impulse,moderate
0859,Darby,Collins,78,Female,28137,routine,moderate
0860,Cassidy,Wilson,66,Female,59754,routine,moderate
0861,Jesse,Lee,63,Female,97639,routine,moderate
0862,Eden,Gonzalez,79,Female,48095,impulse,moderate
0863,Ryan,Smith,25,Male,83223,routine,heavy
0864,Brady,Watson,60,Female,29172,routine,heavy
0865,Eden,Barnes,37,Female,44072,routine,light
0866,Winter,Perry,56,Male,71497,routine,heavy
0867,Wynn,Bell,66,Female,43085,impulse,moderate
0868,Francis,Garcia,81,Female,33020,routine,moderate
0869,Ari,Young,79,Female,87931,routine,moderate
0870,Wallace,Gonzalez,71,Male,77012,impulse,heavy
0871,Maxwell,Garcia,26,Male,58043,routine,moderate
0872,Jade,King,54,Female,50420,routine,moderate
0873,Aubrey,Walker,66,Non-Binary,92692,routine,light
0874,Chance,James,58,Male,15684,routine,heavy
0875,Keely,Bell,34,Male,50657,impulse,moderate
0876,Kylin,Mitchell,38,Female,96728,routine,moderate
0877,Kelsey,Davis,68,Male,23040,routine,moderate
0878,Remy,Price,76,Female,77960,routine,moderate
0879,Francis,Collins,56,Prefer Not To Say,72553,routine,moderate
0880,Francis,Carter,72,Male,60401,routine,moderate
0881,Blue,Johnson,58,Female,98422,routine,moderate
0882,Ocean,Green,56,Male,39565,routine,moderate
0883,Jody,Garcia,30,Male,53812,routine,moderate
0884,Chris,Collins,81,Female,96014,routine,heavy
0885,Maxwell,Cook,28,Male,61234,routine,heavy
0886,Brady,Murphy,36,Prefer Not To Say,44216,routine,heavy
0887,Ariel,Smith,28,Female,44049,routine,heavy
0888,Grey,Martin,63,Male,04108,routine,moderate
0889,Lane,Lopez,62,Male,45032,routine,moderate
0890,Wesley,Kelly,18,Male,77466,routine,moderate
0891,Roan,Wright,57,Male,88348,routine,moderate
0892,Lane,Richardson,36,Male,47042,routine,heavy
0893,Blake,Ward,78,Male,21851,routine,moderate
0894,Erin,Carter,29,Female,72004,routine,heavy
0895,Wesley,Thomas,78,Female,34990,impulse,light
0896,Skylar,Collins,50,Female,95694,impulse,moderate
0897,Nolan,Peterson,62,Female,80474,routine,light
0898,Dylan,Hughes,25,Male,95223,routine,moderate
0899,Andy,Lee,42,Male,52033,impulse,moderate
0900,Alex,Griffin,63,Female,83352,impulse,moderate
0901,Jack,Flores,47,Female,52738,impulse,heavy
0902,Henry,Howard,64,Male,02322,routine,moderate
0903,Windsor,Murphy,66,Female,62899,routine,light
0904,Lee,Watson,64,Female,35620,routine,heavy
0905,Rio,Robinson,35,Female,39652,routine,moderate
0906,Raphael,Bryant,83,Male,64078,routine,moderate
0907,Milan,James,50,Female,19001,routine,moderate
0908,Ariel,Lee,53,Female,46350,routine,light
0909,Lane,Howard,36,Female,28711,impulse,moderate
0910,Jude,Morris,45,Female,05858,routine,moderate
0911,Sutton,Walker,57,Female,72802,routine,moderate
0912,Lane,Martinez,32,Female,50152,routine,moderate
0913,Brighton,Perry,58,Male,27954,impulse,light
0914,Maddox,Morris,56,Female,28411,impulse,moderate
0915,Jayden,Hall,19,Female,31803,impulse,moderate
0916,Emery,Torres,80,Female,92251,routine,moderate
0917,Harper,Perez,46,Male,15218,routine,moderate
0918,Sam,Howard,83,Male,96155,impulse,moderate
0919,Whitney,Wilson,68,Female,80601,routine,moderate
0920,Tyler,Powell,27,Female,50655,routine,moderate
0921,Wyatt,Smith,31,Non-Binary,37617,impulse,heavy
0922,Umber,Wilson,68,Female,28449,routine,moderate
0923,Clayton,Murphy,56,Female,19087,routine,moderate
0924,Kerry,Alexander,45,Female,02717,routine,heavy
0925,Angel,Brown,20,Female,05494,routine,heavy
0926,Skylar,Long,44,Female,77334,routine,moderate
0927,Blake,Young,19,Female,35765,impulse,heavy
0928,Jody,Cox,55,Male,28073,routine,moderate
0929,Paige,Ross,20,Female,48329,routine,moderate
0930,Aubrey,Ramirez,33,Female,24089,routine,light
0931,Rayne,Washington,57,Male,92371,impulse,moderate
0932,Kameron,Lee,19,Male,60481,impulse,light
0933,Francis,Adams,58,Male,42629,impulse,moderate
0934,Piper,Bailey,29,Male,16674,impulse,moderate
0935,Grey,Turner,52,Male,81226,routine,moderate
0936,Francis,Parker,82,Male,70377,routine,moderate
0937,Lou,Cook,72,Non-Binary,47871,routine,moderate
0938,Jessie,Wilson,62,Female,25248,routine,heavy
0939,Wilder,Young,79,Male,24128,routine,moderate
0940,James,Gonzalez,66,Male,20871,impulse,heavy
0941,Gabriel,Butler,42,Female,90039,routine,moderate
0942,Ellison,Scott,40,Male,88264,routine,heavy
0943,Vick,Flores,41,Female,03255,routine,moderate
0944,Brooks,Allen,55,Female,83215,routine,moderate
0945,Baker,Jenkins,45,Female,27330,routine,heavy
0946,Winter,Richardson,38,Male,31028,routine,moderate
0947,Wisdom,Smith,71,Female,17050,routine,moderate
0948,Raleigh,Edwards,35,Male,21222,routine,moderate
0949,Teagan,Rivera,53,Non-Binary,60951,routine,moderate
0950,Sterling,Perez,62,Female,23668,routine,moderate
0951,Finn,White,70,Male,30562,impulse,moderate
0952,Glen,Peterson,47,Male,36703,routine,moderate
0953,Micah,Hernandez,77,Male,70580,impulse,moderate
0954,Addison,Wright,49,Female,29322,routine,heavy
0955,Carey,Washington,84,Male,37338,routine,moderate
0956,Kim,Bennett,84,Female,33174,routine,moderate
0957,Jules,Simmons,45,Male,25571,routine,heavy
0958,Paris,Henderson,61,Female,07764,routine,moderate
0959,Hayden,Barnes,58,Female,19562,routine,moderate
0960,Kyrie,Lopez,80,Female,74735,routine,moderate
0961,Weston,Wood,40,Female,25154,routine,heavy
0962,Chance,Green,65,Male,27006,routine,moderate
0963,Sasha,Richardson,49,Male,57722,routine,moderate
0964,August,Rodriguez,74,Female,52209,routine,moderate
0965,Elliott,Flores,50,Male,74761,routine,moderate
0966,Dallas,Hernandez,41,Male,04746,routine,moderate
0967,Windsor,Jackson,56,Male,71322,routine,moderate
0968,Piper,Green,51,Male,63348,impulse,moderate
0969,Arya,Nelson,73,Male,18088,impulse,light
0970,Jamie,Rivera,45,Female,14139,impulse,moderate
0971,Shiloh,Baker,54,Male,49276,routine,moderate
0972,Maxwell,Jenkins,24,Female,71326,routine,moderate
0973,Micah,Griffin,54,Male,55029,routine,heavy
0974,Kyle,Jones,73,Female,75212,routine,heavy
0975,August,Edwards,82,Male,98819,routine,moderate
0976,Mckenna,Lopez,82,Female,73654,routine,moderate
0977,Ocean,Griffin,64,Female,97641,routine,light
0978,Lennon,Turner,37,Male,48066,routine,moderate
0979,Mason,Jackson,36,Non-Binary,92782,routine,heavy
0980,Valentine,Morris,46,Prefer Not To Say,47942,routine,moderate
0981,Chance,Phillips,77,Female,15742,routine,moderate
0982,Kit,Baker,35,Female,39571,routine,moderate
0983,Kyrie,Smith,52,Male,78861,routine,moderate
0984,Landon,Hughes,60,Female,85929,routine,moderate
0985,Brooke,Gray,28,Male,52751,impulse,moderate
0986,Dorian,Hill,66,Male,57197,routine,moderate
0987,Mason,Flores,55,Prefer Not To Say,54827,routine,moderate
0988,Kerry,Powell,81,Male,74437,routine,light
0989,Henry,Harris,25,Female,78837,impulse,heavy
0990,Chance,Ross,51,Female,30276,routine,heavy
0991,Murphy,Gonzalez,65,Female,63783,routine,heavy
0992,Brooke,Hill,73,Prefer Not To Say,81029,impulse,moderate
0993,Sterling,Harris,82,Male,18816,routine,moderate
0994,Remington,Stewart,48,Male,30009,impulse,moderate
0995,Kameron,Edwards,21,Male,38128,impulse,light
0996,Ramsey,Sanders,67,Male,38753,impulse,light
0997,Poet,Foster,47,Male,21405,impulse,moderate
0998,Bergen,Flores,76,Male,56128,routine,moderate
0999,Leah,Richardson,84,Female,92260,impulse,moderate
1000,Valentine,King,62,Female,62970,routine,light
